id;title;price;image;image_content_type
1;mobile Fish;77969;50726163746963616c2046726573682050616e7473;image/png
2;Metal deposit;5641;536f6170206d6574686f646f6c6f677920416c62616e6961;image/png
3;Home Namibia;39986;436f6d6d6f6e;image/png
4;Savings Account syndicate Planner;46676;5461626c6520536d616c6c2046726f7a656e20536175736167657320506c616e6e6572;image/png
5;envisioneer Music Public-key;24102;47616d657320526567696f6e616c204469676974697a6564;image/png
6;copy convergence;20794;636f6e6e656374204d61726b657473204368696566;image/png
7;capacitor archive;57044;736f667477617265207363616c6520696e746572616374697665;image/png
8;Louisiana Specialist Home Loan Account;27599;536d616c6c;image/png
9;deliverables reinvent 24 hour;1407;556e6272616e64656420506c61737469632054756e612046726f7a656e;image/png
10;generating Highway Ergonomic;37081;706978656c207769746864726177616c;image/png
